[
  {
    "title": "KIN Organizing Week 2023",
    "program_photo": "1698008609471-8394.878235740522-KIN_Organizing_Week_2023.webp",
    "fb_url": "https://www.facebook.com/events/292633246729008/",
    "start_date": "2023-09-10",
    "end_date": "2023-09-14",
    "start_time": "9:00 AM",
    "end_time": "5:00 PM",
    "venue": "Central Library, SUST  · সিলেট"
  },
  {
    "title": "KIN স্বপ্ন দেখার উৎসব ২০২৩",
    "program_photo": "1698008617977-32016.79372225936-KIN_à¦¸à§à¦¬à¦ªà§à¦¨_à¦¦à§à¦à¦¾à¦°_à¦à§à¦¸à¦¬_à§¨à§¦à§¨à§©.webp",
    "fb_url": "https://www.facebook.com/events/157185523826557/",
    "start_date": "2023-05-24",
    "end_date": "2023-06-04",
    "start_time": "4:00 PM",
    "end_time": "5:00 PM",
    "venue": "2nd Floor, Central Auditorium  SUST"
  },
  {
    "title": "19 Years Celebration of KIN School",
    "program_photo": "1698008636574-69555.51501291193-19_Years_Celebration_of_KIN_School.webp",
    "fb_url": "https://www.facebook.com/events/620071312787896/",
    "start_date": "2023-03-31",
    "end_date": "",
    "start_time": "3:00 PM",
    "end_time": "6:00 PM",
    "venue": "Shahjalal University School And College"
  },
  {
    "title": "KIN ইদ আনন্দ ২০২৩",
    "program_photo": "1698008628038-61264.41770997075-KIN_à¦à¦¦_à¦à¦¨à¦¨à§à¦¦_à§¨à§¦à§¨à§©.webp",
    "fb_url": "https://www.facebook.com/events/523660526391250/",
    "start_date": "2023-04-07",
    "end_date": "",
    "start_time": "3:00 PM",
    "end_time": "5:00 PM",
    "venue": "মিনি অডিটোরিয়াম, শাহজালাল বিজ্ঞান ও প্রযুক্তি বিশ্ববিদ্যালয়। "
  },
  {
    "title": "KIN General Meeting 2023",
    "program_photo": "1698008600298-8312.286701718285-KIN_GENERAL_MEETING'_23(2).webp",
    "fb_url": "https://www.facebook.com/events/1585492868650910/",
    "start_date": "2023-09-27",
    "end_date": "",
    "start_time": "6:00 PM",
    "end_time": "",
    "venue": "Mini Auditorium, Sust "
  },
  {
    "title": "KIN ইফতার মাহফিল, ২০২৩ ",
    "program_photo": "1698008645337-96678.50554232567-KIN_à¦à¦«à¦¤à¦¾à¦°_à¦®à¦¾à¦¹à¦«à¦¿à¦²,_à§¨à§¦à§¨à§©.webp",
    "fb_url": "https://www.facebook.com/events/524668629846500/",
    "start_date": "2023-03-27",
    "end_date": "",
    "start_time": "5:00 PM",
    "end_time": "",
    "venue": "Central Auditorium, SUST  · সিলেট"
  },
  {
    "title": "KIN স্বেচ্ছায় রক্তদান কর্মসূচি ২০২৩ ",
    "program_photo": "1698008653413-37400.282677546646-KIN_à¦¸à§à¦¬à§à¦à§à¦à¦¾à§_à¦°à¦à§à¦¤à¦¦à¦¾à¦¨_à¦à¦°à§à¦®à¦¸à§à¦à¦¿_à§¨à§¦à§¨à§©.webp",
    "fb_url": "https://www.facebook.com/events/753114653128127/",
    "start_date": "2023-02-28",
    "end_date": "",
    "start_time": "11:00 AM",
    "end_time": "5:00 PM",
    "venue": "অর্জুনতলা, শাবিপ্রবি, সিলেট  · সিলেট"
  },
  {
    "title": "KIN GENERAL MEETING' 23 ",
    "program_photo": "1698008664406-15779.203206469772-KIN_GENERAL_MEETING'_23.webp",
    "fb_url": "https://www.facebook.com/events/919984002334712/",
    "start_date": "2023-02-11",
    "end_date": "",
    "start_time": "5:30 PM",
    "end_time": "",
    "venue": "Mini Auditorium, SUST  · সিলেট"
  },
  {
    "title": "হৃদম: KIN Charity Concert",
    "program_photo": "1698702670461-10664.183817637695-consert.jpg",
    "fb_url": "https://www.facebook.com/events/974170017000732?ref=newsfeed",
    "start_date": "2023-10-13",
    "end_date": null,
    "start_time": "3:00 PM",
    "end_time": "11:00 PM",
    "venue": "Central Auditorium, SUST"
  },
  {
    "title": "21 Years Celebration of KIN",
    "program_photo": "1721248325459-10070.47267391612-rsz_121.jpg",
    "fb_url": "https://fb.me/e/4ycqBKHhv",
    "start_date": "2024-02-14",
    "end_date": "2024-07-16",
    "start_time": "12:00 PM",
    "end_time": null,
    "venue": "Several Venues"
  },
  {
    "title": "KIN General Meeting '24",
    "program_photo": "1721248593059-74520.18448830157-11.jpg",
    "fb_url": "https://fb.me/e/3USvGYD6Q",
    "start_date": "2024-03-01",
    "end_date": null,
    "start_time": "6:00 PM",
    "end_time": null,
    "venue": "Mini Auditorium, SUST"
  },
  {
    "title": "KIN ইদ আনন্দ ২০২৪",
    "program_photo": "1721249023040-94848.62488714726-q.jpg",
    "fb_url": "https://fb.me/e/27PY36Fgb",
    "start_date": "2024-03-22",
    "end_date": null,
    "start_time": "3:00 PM",
    "end_time": "8:00 PM",
    "venue": "Mini Auditorium, SUST"
  },
  {
    "title": "20 Years Celebration of KIN School",
    "program_photo": "1721249635713-44725.71902245386-rsz_1rsz_l.jpg",
    "fb_url": "https://fb.me/e/26YpVZcYk",
    "start_date": "2024-05-24",
    "end_date": "2024-05-25",
    "start_time": "10:00 AM",
    "end_time": null,
    "venue": "Tilagor Eco Park & Mini Auditorium, SUST"
  }
]
