[
  {
    "title": "Every piece of clothing is a gift of hope.",
    "slider_photo": "1695764974131_54424448470_winter_cloth_distribution.webp",
    "index": 99
  },
  {
    "title": "In times of crisis, your donation can be a lifeline to those affected by natural disasters.",
    "slider_photo": "1695764780391_42946683085_charity.webp",
    "index": 1
  },
  {
    "title": "Awareness is the first step towards positive change in society.",
    "slider_photo": "1695764937664_32625593301_women_awareness.webp",
    "index": 99
  },
  {
    "title": "In the flood's aftermath, our response brings healing and hope.",
    "slider_photo": "1695764831095_86233330495_response.webp",
    "index": 3
  },
  {
    "title": "Be the change you want to see – become a volunteer.",
    "slider_photo": "1695764815933_74492954213_Become_a_volunteer.webp",
    "index": 2
  },
  {
    "title": "The gift of blood is the gift of life.",
    "slider_photo": "1695764900861_71135607896_blood_donation.webp",
    "index": 99
  },
  {
    "title": "The journey of education begins in the cradle of curiosity.",
    "slider_photo": "1695764988673_60580067894_butterfly_kin_school.webp",
    "index": 99
  },
  {
    "title": "Be the reason someone smiles through the winter.",
    "slider_photo": "1695764913554_90962475510_winter_cloth_distribution_program.webp",
    "index": 99
  },
  {
    "title": "Education extends beyond books; it's also about co-curricular adventures.",
    "slider_photo": "1695764845298_13139775573_co_curricular_education.webp",
    "index": 4
  },
  {
    "title": "Education is the most powerful weapon you can use to change the world.",
    "slider_photo": "1695764956500_48336192329_KIN_School.webp",
    "index": 5
  },
  {
    "title": "A soulful education doesn't just fill the mind; it nourishes the spirit.",
    "slider_photo": "1695765005436_18575862040_victoryn_day.webp",
    "index": 99
  },
  {
    "title": "Share the warmth of your kindness with those in need this winter.",
    "slider_photo": "1695764925320_60324081996_winter_cloth_distribution.webp",
    "index": 99
  }
]
