[
  {
    "title": "KIN Organizing Week 2023",
    "fb_url": "https://www.facebook.com/events/292633246729008/",
    "start_date": "2023-09-10",
    "end_date": "2023-09-14",
    "start_time": "9:00 AM",
    "end_time": "5:00 PM",
    "venue": "Central Library, SUST  · সিলেট"
  },
  {
    "title": "KIN স্বপ্ন দেখার উৎসব ২০২৩",
    "fb_url": "https://www.facebook.com/events/157185523826557/",
    "start_date": "2023-05-24",
    "end_date": "2023-06-04",
    "start_time": "4:00 PM",
    "end_time": "5:00 PM",
    "venue": "2nd Floor, Central Auditorium  SUST"
  },
  {
    "title": "19 Years Celebration of KIN School",

    "fb_url": "https://www.facebook.com/events/620071312787896/",
    "start_date": "2023-03-31",
    "start_time": "3:00 PM",
    "end_time": "6:00 PM",
    "venue": "Shahjalal University School And College"
  },
  {
    "title": "KIN ইদ আনন্দ ২০২৩",
    "fb_url": "https://www.facebook.com/events/523660526391250/",
    "start_date": "2023-04-07",
    "start_time": "3:00 PM",
    "end_time": "5:00 PM",
    "venue": "মিনি অডিটোরিয়াম, শাহজালাল বিজ্ঞান ও প্রযুক্তি বিশ্ববিদ্যালয়। ",
    "end_date": ""
  },
  {
    "title": "KIN General Meeting 2023",

    "fb_url": "https://www.facebook.com/events/1585492868650910/",
    "start_date": "2023-09-27",
    "start_time": "6:00 PM",
    "venue": "Mini Auditorium, Sust ",
    "end_date": "",
    "end_time": ""
  },
  {
    "title": "KIN ইফতার মাহফিল, ২০২৩ ",

    "fb_url": "https://www.facebook.com/events/524668629846500/",
    "start_date": "2023-03-27",
    "start_time": "5:00 PM",
    "venue": "Central Auditorium, SUST  · সিলেট",
    "end_date": "",
    "end_time": ""
  },
  {
    "title": "KIN স্বেচ্ছায় রক্তদান কর্মসূচি ২০২৩ ",
    "fb_url": "https://www.facebook.com/events/753114653128127/",
    "start_date": "2023-02-28",
    "start_time": "11:00 AM",
    "end_time": "5:00 PM",
    "venue": "অর্জুনতলা, শাবিপ্রবি, সিলেট  · সিলেট",
    "end_date": ""
  },
  {
    "title": "KIN GENERAL MEETING' 23 ",
    "fb_url": "https://www.facebook.com/events/919984002334712/",
    "start_date": "2023-02-11",
    "start_time": "5:30 PM",
    "venue": "Mini Auditorium, SUST  · সিলেট",
    "end_date": "",
    "end_time": ""
  }
]
